{
  "tag": "tuned1",
  "dev": {
    "TP": 93,
    "FP": 221,
    "FN": 699,
    "P": 0.2961783439490446,
    "R": 0.11742424242424243,
    "F1": 0.1681735985533454
  },
  "test": {
    "TP": 91,
    "FP": 223,
    "FN": 669,
    "P": 0.2898089171974522,
    "R": 0.11973684210526316,
    "F1": 0.16945996275605216
  }
}