{
  "tag": "beam10",
  "dev": {
    "TP": 126,
    "FP": 1273,
    "FN": 666,
    "P": 0.09006433166547534,
    "R": 0.1590909090909091,
    "F1": 0.11501597444089456
  },
  "test": {
    "TP": 119,
    "FP": 1272,
    "FN": 641,
    "P": 0.08554996405463695,
    "R": 0.15657894736842104,
    "F1": 0.11064621106462111
  }
}