{
  "mode": "thresholded",
  "topk": 100,
  "with_score": true,
  "threshold_tuned_on_dev": 0.5942080020904541,
  "dev_threshold_stats": {
    "P": 0.38105263157894737,
    "R": 0.3995584988962472,
    "F1": 0.39008620689655177
  },
  "set_micro_metrics": {
    "dev": {
      "TP": 362,
      "FP": 588,
      "FN": 544,
      "P": 0.38105263157894737,
      "R": 0.3995584988962472,
      "F1": 0.39008620689655177
    },
    "test": {
      "TP": 329,
      "FP": 618,
      "FN": 568,
      "P": 0.3474128827877508,
      "R": 0.36677814938684505,
      "F1": 0.35683297180043383
    }
  },
  "outputs": {
    "dev": "data/mm-hpo/mld/bi-encoder-output/dev_thresholded.json",
    "test": "data/mm-hpo/mld/bi-encoder-output/test_thresholded.json",
    "train": "data/mm-hpo/mld/bi-encoder-output/train_thresholded.json",
    "all": "data/mm-hpo/mld/bi-encoder-output/predictions_all_thresholded.json"
  }
}