{
  "tag": "tuned1",
  "dev": {
    "TP": 193,
    "FP": 218,
    "FN": 713,
    "P": 0.46958637469586373,
    "R": 0.2130242825607064,
    "F1": 0.2930903568716781
  },
  "test": {
    "TP": 178,
    "FP": 232,
    "FN": 719,
    "P": 0.43414634146341463,
    "R": 0.19843924191750278,
    "F1": 0.2723794950267789
  }
}