{
  "tag": "beam10",
  "dev": {
    "TP": 232,
    "FP": 1702,
    "FN": 674,
    "P": 0.11995863495346432,
    "R": 0.2560706401766004,
    "F1": 0.16338028169014082
  },
  "test": {
    "TP": 237,
    "FP": 1625,
    "FN": 660,
    "P": 0.1272824919441461,
    "R": 0.26421404682274247,
    "F1": 0.17180137731061979
  }
}