{
  "mode": "thresholded",
  "topk": 100,
  "with_score": true,
  "threshold_tuned_on_dev": 0.04588446766138077,
  "dev_threshold_stats": {
    "P": 0.3655913978494624,
    "R": 0.25757575757575757,
    "F1": 0.3022222222222222
  },
  "set_micro_metrics": {
    "dev": {
      "TP": 204,
      "FP": 354,
      "FN": 588,
      "P": 0.3655913978494624,
      "R": 0.25757575757575757,
      "F1": 0.3022222222222222
    },
    "test": {
      "TP": 202,
      "FP": 339,
      "FN": 558,
      "P": 0.3733826247689464,
      "R": 0.2657894736842105,
      "F1": 0.31053036126056877
    }
  },
  "outputs": {
    "dev": "data/mm-go/mld/xrt-output/dev_thresholded.json",
    "test": "data/mm-go/mld/xrt-output/test_thresholded.json",
    "train": "data/mm-go/mld/xrt-output/train_thresholded.json",
    "all": "data/mm-go/mld/xrt-output/predictions_all_thresholded.json"
  }
}