{
  "mode": "thresholded",
  "topk": 100,
  "with_score": true,
  "threshold_tuned_on_dev": 0.04843258112668991,
  "dev_threshold_stats": {
    "P": 0.48963317384370014,
    "R": 0.33885209713024284,
    "F1": 0.4005218525766471
  },
  "set_micro_metrics": {
    "dev": {
      "TP": 307,
      "FP": 320,
      "FN": 599,
      "P": 0.48963317384370014,
      "R": 0.33885209713024284,
      "F1": 0.4005218525766471
    },
    "test": {
      "TP": 276,
      "FP": 326,
      "FN": 619,
      "P": 0.4584717607973422,
      "R": 0.30837988826815643,
      "F1": 0.3687374749498998
    }
  },
  "outputs": {
    "dev": "data/mm-hpo/mld/xrt-output/dev_thresholded.json",
    "test": "data/mm-hpo/mld/xrt-output/test_thresholded.json",
    "train": "data/mm-hpo/mld/xrt-output/train_thresholded.json",
    "all": "data/mm-hpo/mld/xrt-output/predictions_all_thresholded.json"
  }
}